year,month,day,length
2017,06,02,153
2021,05,05,367
2021,05,09,1162
2021,05,10,161
2021,05,11,1453
2021,05,11,1576
2021,05,11,318
2021,05,11,207
2021,05,12,790
2021,05,12,182
2021,05,13,1193
2021,05,13,723
2021,05,13,1098
2021,05,13,1959
2021,05,13,815
2021,05,13,195
2021,05,14,360
2021,05,14,781
2021,05,14,1019
2021,05,14,1226
2021,05,14,1014
2021,05,14,149
2021,05,15,1575
2021,05,15,1007
2021,05,15,122
2021,05,15,761
2021,05,15,1547
2021,05,15,373
2021,05,15,773
2021,05,15,173
2021,05,15,738
2021,05,15,6328
2021,05,16,1737
2021,05,16,386
2021,05,16,676
2021,05,16,142
2021,05,16,937
2021,05,16,1797
2021,05,16,1542
2021,05,16,550
2021,05,16,620
2021,05,16,473
2021,05,16,575
2021,05,16,540
2021,05,16,598
2021,05,16,151
2021,05,16,1071
2021,05,16,1031
2021,05,16,465
2021,05,16,122
2021,05,16,1179
2021,05,16,751
2021,05,16,717
2021,05,16,6031
2021,05,17,948
2021,05,17,437
2021,05,17,1170
2021,05,17,216
2021,05,17,936
2021,05,17,199
2021,05,17,734
2021,05,17,495
2021,05,17,751
2021,05,17,557
2021,05,17,813
2021,05,17,782
2021,05,17,363
2021,05,17,897
2021,05,17,492
2021,05,17,165
2021,05,17,1069
2021,05,17,421
2021,05,17,4443
2021,05,18,599
2021,05,18,181
2021,05,18,419
2021,05,18,1509
2021,05,18,452
2021,05,18,455
2021,05,18,576
2021,05,18,1244
2021,05,18,196
2021,05,18,1395
2021,05,18,6986
2021,05,19,670
2021,05,19,1695
2021,05,19,1295
2021,05,19,1237
2021,05,19,440
2021,05,19,1108
2021,05,19,194
2021,05,19,534
2021,05,19,771
2021,05,19,334
2021,05,19,463
2021,05,19,703
2021,05,19,410
2021,05,19,4874
2021,05,20,441
2021,05,20,1006
2021,05,20,359
2021,05,20,53
2021,05,20,651
2021,05,20,541
2021,05,20,1464
2021,05,20,1429
2021,05,20,106
2021,05,20,546
2021,05,20,5045
2021,05,21,1065
2021,05,21,1387
2021,05,21,112
2021,05,21,566
2021,05,21,1411
2021,05,21,1459
2021,05,21,1260
2021,05,21,977
2021,05,21,231
2021,05,21,1125
2021,05,21,942
2021,05,21,1309
2021,05,21,6462
2021,05,21,1407
2021,05,22,569
2021,05,22,807
2021,05,22,439
2021,05,22,142
2021,05,22,547
2021,05,22,527
2021,05,22,140
2021,05,22,982
2021,05,22,107
2021,05,23,874
2021,05,23,1207
2021,05,23,755
2021,05,23,165
2021,05,23,824
2021,05,23,1201
2021,05,23,1317
2021,05,24,432
2021,05,24,1008
2021,05,24,1408
2021,05,24,752
2021,05,24,1235
2021,05,24,482
2021,05,24,407
2021,05,24,366
2021,05,25,536
2021,05,25,1188
2021,05,25,1499
2021,05,25,775
2021,05,25,401
2021,05,25,790
2021,05,25,230
2021,05,25,1679
2021,05,25,1224
2021,05,25,1079
2021,05,25,596
2021,05,26,783
2021,05,26,1089
2021,05,26,576
2021,05,26,150
2021,05,26,937
2021,05,26,816
2021,05,26,1002
2021,05,26,731
2021,05,27,774
2021,05,27,1267
2021,05,27,991
2021,05,27,642
2021,05,27,731
2021,05,27,113
2021,05,27,93
2021,05,28,299
2021,05,28,1092
2021,05,28,1452
2021,05,28,1522
2021,05,28,1630
2021,05,29,1008
2021,05,29,151
2021,05,29,1043
2021,05,30,367
2021,05,30,1125
2021,05,30,2323
2021,05,30,577
2021,05,30,1459
2021,05,30,1059
2021,05,31,680
2021,05,31,1222
2021,06,01,1190
2021,06,01,1133
2021,06,01,650
2021,06,01,1573
2021,06,02,462
2021,06,02,498
2021,06,02,1111
2021,06,02,607
2021,06,02,207
2021,06,03,769
2021,06,03,1311
2021,06,03,903
2021,06,03,1475
2021,06,04,612
2021,06,04,1055
2021,06,04,1273
2021,06,04,2176
2021,06,04,1764
2021,06,05,283
2021,06,05,1016
2021,06,05,942
2021,06,05,1333
2021,06,06,668
2021,06,06,1001
2021,06,07,1010
2021,06,07,1416
2021,06,07,47
2021,06,07,455
2021,06,07,1109
2021,06,07,1194
2021,06,07,710
2021,06,08,522
2021,06,08,707
2021,06,09,1040
2021,06,09,1073
2021,06,10,705
2021,06,10,703
2021,06,10,808
2021,06,10,427
2021,06,10,728
2021,06,11,729
2021,06,11,465
2021,06,11,706
2021,06,11,1432
2021,06,11,1100
2021,06,11,858
2021,06,12,116
2021,06,14,852
2021,06,14,687
2021,06,14,113
2021,06,15,743
2021,06,15,443
2021,06,15,542
2021,06,15,2644
2021,06,15,999
2021,06,16,511
2021,06,17,490
2021,06,17,720
2021,06,17,1243
2021,06,17,470
2021,06,21,759
2021,06,21,1133
2021,06,22,522
2021,06,22,597
2021,06,22,176
2021,06,23,43
2021,06,23,571
2021,06,23,1292
2021,06,23,931
2021,06,24,517
2021,06,24,1122
2021,06,25,924
2021,06,25,1271
2021,06,26,101
2021,06,28,695
2021,06,28,1385
2021,06,29,325
2021,06,29,804
2021,06,29,1280
2021,06,30,545
2021,06,30,1272
2021,07,01,1126
2021,07,02,1428
2021,07,02,1050
2021,07,02,375
2021,07,03,377
2021,07,04,453
2021,07,06,746
2021,07,07,766
2021,07,07,453
2021,07,08,506
2021,07,08,712
2021,07,08,1194
2021,07,08,372
2021,07,09,450
2021,07,09,628
2021,07,11,418
2021,07,12,558
2021,07,12,1108
2021,07,13,322
2021,07,14,196
2021,07,15,953
2021,07,18,793
2021,07,18,1033
2021,07,19,1081
2021,07,19,451
2021,07,20,578
2021,07,22,453
2021,07,23,325
2021,07,23,1115
2021,07,24,366
2021,07,25,516
2021,07,27,896
2021,07,28,578
2021,07,29,491
2021,07,30,966
2021,08,01,379
2021,08,02,809
2021,08,02,1260
2021,08,02,476
2021,08,02,714
2021,08,03,583
2021,08,05,713
2021,08,06,412
2021,08,08,1279
2021,08,11,735
2021,08,11,1162
2021,08,12,1172
2021,08,13,485
2021,08,16,312
2021,08,16,667
2021,08,17,1109
2021,08,20,842
2021,08,21,700
2021,08,22,1027
2021,08,22,147
2021,08,23,461
2021,08,23,946
2021,08,24,401
2021,08,24,1274
2021,08,25,677
2021,08,25,402
2021,08,26,628
2021,08,26,408
2021,08,26,204
2021,08,27,1126
2021,08,28,470
2021,08,29,455
2021,08,30,383
2021,08,30,1132
2021,09,01,459
2021,09,01,688
2021,09,01,1127
2021,09,02,319
2021,09,02,641
2021,09,05,989
2021,09,06,709
2021,09,07,1240
2021,09,07,595
2021,09,08,1012
2021,09,08,668
2021,09,09,1026
2021,09,10,890
2021,09,10,737
2021,09,13,676
2021,09,13,716
2021,09,13,451
2021,09,13,1114
2021,09,13,1074
2021,09,14,666
2021,09,14,1083
2021,09,15,558
2021,09,15,79
2021,09,15,1287
2021,09,19,233
2021,09,20,864
2021,09,21,1149
2021,09,23,833
2021,09,23,1114
2021,09,23,373
2021,09,23,1211
2021,09,24,261
2021,09,24,1427
2021,09,25,788
2021,09,25,470
2021,09,26,491
2021,09,28,962
2021,09,30,464
2021,10,03,397
2021,10,04,1928
2021,10,05,843
2021,10,05,1016
2021,10,07,560
2021,10,08,318
2021,10,10,941
2021,10,11,837
2021,10,12,865
2021,10,12,520
2021,10,13,1258
2021,10,13,973
2021,10,13,361
2021,10,14,566
2021,10,14,731
2021,10,16,946
2021,10,17,1516
2021,10,19,1324
2021,10,19,1159
2021,10,20,1020
2021,10,22,920
2021,10,24,769
2021,10,25,595
2021,10,25,1205
2021,10,26,478
2021,10,26,1202
2021,10,26,657
2021,10,28,1374
2021,10,31,1052
2021,11,01,399
2021,11,01,1200
2021,11,02,469
2021,11,02,671
2021,11,02,1488
2021,11,05,1305
2021,11,05,265
2021,11,10,661
2021,11,11,567
2021,11,14,597
2021,11,14,1131
2021,11,16,377
2021,11,17,373
2021,11,18,799
2021,11,20,586
2021,11,21,1385
2021,11,21,411
2021,11,23,655
2021,11,24,139
2021,11,24,25
2021,11,25,373
2021,12,01,1136
2021,12,03,645
2021,12,03,1940
2021,12,04,366
2021,12,05,339
2021,12,06,431
2021,12,07,1264
2021,12,09,740
2021,12,10,1157
2021,12,13,742
2021,12,17,556
2021,12,29,681
2021,12,29,841
2021,12,30,1009
2021,12,31,1357
2021,12,31,1647
2022,01,03,108
2022,01,04,630
2022,01,05,1057
2022,01,10,374
2022,01,13,439
2022,01,17,481
2022,01,19,129
2022,01,19,242
2022,01,20,1397
2022,01,21,1330
2022,01,22,712
2022,01,28,1106
2022,01,29,1244
2022,02,01,784
2022,02,01,1067
2022,02,02,177
2022,02,04,1250
2022,02,05,973
2022,02,10,991
2022,02,10,489
2022,02,13,705
2022,02,15,407
2022,02,18,511
2022,02,25,308
2022,03,04,1380
2022,03,06,329
2022,03,08,359
2022,03,09,704
2022,03,10,1509
2022,03,11,635
2022,03,15,1245
2022,03,15,576
2022,03,22,441
2022,03,24,629
2022,03,24,1215
2022,03,25,544
2022,03,25,1104
2022,03,29,546
2022,03,30,658
2022,03,30,128
2022,03,30,1150
2022,03,31,539
2022,04,01,537
2022,04,07,192
2022,04,08,1090
2022,04,09,484
2022,04,11,600
2022,04,12,463
2022,04,13,560
2022,04,14,595
2022,04,14,455
2022,04,15,1003
2022,04,15,648
2022,04,15,191
2022,04,15,1152
2022,04,17,479
2022,04,17,128
2022,04,17,789
2022,04,17,540
2022,04,17,1055
2022,04,18,556
2022,04,19,667
2022,04,20,2800
2022,04,21,503
2022,04,21,784
2022,04,21,823
2022,04,21,730
2022,04,22,790
2022,04,22,181
2022,04,22,1141
2022,04,22,372
2022,04,23,755
2022,04,24,544
2022,04,26,937
2022,04,26,296
2022,04,26,1374
2022,04,27,481
2022,04,27,934
2022,04,27,695
2022,04,29,1146
2022,04,29,725
2022,04,29,523
2022,04,29,207
2022,04,29,849
2022,04,30,785
2022,04,30,1290
2022,04,30,1095
2022,05,02,465
2022,05,02,552
2022,05,05,604
2022,05,05,858
2022,05,05,370
2022,05,06,547
2022,05,06,487
2022,05,07,401
2022,05,07,115
2022,05,08,283
2022,05,08,618
2022,05,10,1177
2022,05,10,976
2022,05,11,1073
2022,05,11,846
2022,05,11,664
2022,05,11,546
2022,05,11,1090
2022,05,11,1045
2022,05,11,1661
2022,05,11,104
2022,05,11,231
2022,05,11,6131
2022,05,12,1469
2022,05,12,138
2022,05,12,891
2022,05,12,893
2022,05,12,647
2022,05,12,229
2022,05,12,107
2022,05,12,355
2022,05,13,1085
2022,05,13,153
2022,05,13,294
2022,05,13,909
2022,05,13,657
2022,05,13,682
2022,05,13,236
2022,05,13,145
2022,05,13,623
2022,05,13,1905
2022,05,13,641
2022,05,13,676
2022,05,14,648
2022,05,14,968
2022,05,14,93
2022,05,14,652
2022,05,15,1070
2022,05,15,1268
2022,05,15,128
2022,05,15,964
2022,05,15,1675
2022,05,16,614
2022,05,16,972
2022,05,16,165
2022,05,16,832
2022,05,16,214
2022,05,17,886
2022,05,17,670
2022,05,18,658
2022,05,18,484
2022,05,18,800
2022,05,18,41
2022,05,18,965
2022,05,18,591
2022,05,18,623
2022,05,19,904
2022,05,19,611
2022,05,19,1106
2022,05,19,119
2022,05,19,667
2022,05,20,995
2022,05,20,716
2022,05,20,686
2022,05,20,95
2022,05,20,551
2022,05,21,229
2022,05,21,467
2022,05,22,495
2022,05,22,371
2022,05,22,341
2022,05,22,1288
2022,05,23,538
2022,05,23,1023
2022,05,23,1439
2022,05,24,843
2022,05,24,514
2022,05,25,485
2022,05,26,505
2022,05,26,274
2022,05,26,480
2022,05,26,731
2022,05,26,824
2022,05,26,534
2022,05,27,592
2022,05,27,276
2022,05,27,697
2022,05,28,767
2022,05,29,204
2022,05,29,1211
2022,05,29,1146
2022,05,30,142
2022,05,30,768
2022,06,01,1183
2022,06,01,792
2022,06,01,496
2022,06,02,850
2022,06,06,426
2022,06,06,857
2022,06,07,547
2022,06,07,2168
2022,06,07,1398
2022,06,08,598
2022,06,09,774
2022,06,09,387
2022,06,09,276
2022,06,11,741
2022,06,11,1115
2022,06,11,931
2022,06,11,1295
2022,06,13,901
2022,06,13,138
2022,06,14,454
2022,06,15,625
2022,06,15,1074
2022,06,16,869
2022,06,17,137
2022,06,17,382
2022,06,18,467
2022,06,20,807
2022,06,21,451
2022,06,23,572
2022,06,23,97
2022,06,24,810
2022,06,25,240
2022,06,29,444
2022,06,30,923
2022,06,30,930
2022,07,02,825
2022,07,03,365
2022,07,03,366
2022,07,04,666
2022,07,04,1014
2022,07,04,743
2022,07,05,1305
2022,07,06,1061
2022,07,06,319
2022,07,07,1280
2022,07,08,1112
2022,07,08,985
2022,07,08,475
2022,07,11,526
2022,07,11,1399
2022,07,12,1708
2022,07,13,609
2022,07,13,497
2022,07,13,863
2022,07,14,1015
2022,07,15,1385
2022,07,15,1518
2022,07,16,411
2022,07,18,692
2022,07,18,1626
2022,07,20,749
2022,07,21,827
2022,07,24,624
2022,07,26,903
2022,07,27,503
2022,07,28,1505
2022,07,28,1146
2022,07,29,464
2022,07,30,767
2022,08,02,616
2022,08,03,949
2022,08,05,1341
2022,08,05,939
2022,08,05,729
2022,08,06,131
2022,08,06,155
2022,08,06,352
2022,08,06,1941
2022,08,06,925
2022,08,06,866
2022,08,07,151
2022,08,07,990
2022,08,07,544
2022,08,07,410
2022,08,07,1004
2022,08,07,96
2022,08,07,166
2022,08,07,1100
2022,08,08,613
2022,08,08,538
2022,08,08,1050
2022,08,08,212
2022,08,08,527
2022,08,08,862
2022,08,08,1083
2022,08,09,1360
2022,08,09,960
2022,08,09,842
2022,08,09,505
2022,08,10,651
2022,08,11,624
2022,08,11,172
2022,08,12,275
2022,08,14,541
2022,08,15,443
2022,08,15,501
2022,08,16,415
2022,08,16,520
2022,08,16,616
2022,08,17,258
2022,08,18,432
2022,08,18,954
2022,08,18,229
2022,08,18,960
2022,08,18,757
2022,08,18,444
2022,08,19,353
2022,08,19,235
2022,08,20,1040
2022,08,22,533
2022,08,22,549
2022,08,22,681
2022,08,23,482
2022,08,25,1302
2022,08,26,804
2022,08,26,97
2022,08,28,994
2022,08,29,645
2022,08,30,629
2022,08,31,587
2022,09,01,699
2022,09,01,484
2022,09,01,342
2022,09,01,913
2022,09,02,306
2022,09,02,3844
2022,09,04,478
2022,09,04,409
2022,09,05,408
2022,09,05,987
2022,09,05,1266
2022,09,05,273
2022,09,05,4334
2022,09,05,223
2022,09,05,1034
2022,09,05,993
2022,09,05,573
2022,09,05,378
2022,09,06,930
2022,09,06,136
2022,09,06,556
2022,09,06,465
2022,09,07,686
2022,09,07,710
2022,09,08,223
2022,09,13,715
2022,09,13,877
2022,09,13,1485
2022,09,14,443
2022,09,15,658
2022,09,15,659
2022,09,16,118
2022,09,19,712
2022,09,20,402
2022,09,21,1274
2022,09,22,364
2022,09,23,1154
2022,09,23,925
2022,09,23,1150
2022,09,24,377
2022,09,25,597
2022,09,25,470
2022,09,25,1224
2022,09,25,1090
2022,09,26,889
2022,09,28,525
2022,09,29,1279
2022,09,29,643
2022,09,30,734
2022,10,03,381
2022,10,03,842
2022,10,05,487
2022,10,05,1276
2022,10,06,560
2022,10,06,87
2022,10,07,381
2022,10,09,127
2022,10,09,399
2022,10,09,549
2022,10,10,390
2022,10,11,596
2022,10,12,462
2022,10,12,1009
2022,10,13,338
2022,10,14,1323
2022,10,17,1191
2022,10,17,461
2022,10,18,657
2022,10,19,1551
2022,10,19,691
2022,10,20,645
2022,10,20,463
2022,10,21,667
2022,10,24,749
2022,10,25,1102
2022,10,26,715
2022,10,26,136
2022,10,26,572
2022,10,28,677
2022,10,31,1199
2022,11,01,1421
2022,11,02,680
2022,11,02,216
2022,11,02,766
2022,11,03,1353
2022,11,03,502
2022,11,04,1348
2022,11,04,455
2022,11,05,596
2022,11,05,379
2022,11,07,456
2022,11,09,461
2022,11,10,547
2022,11,10,587
2022,11,10,937
2022,11,11,1277
2022,11,11,951
2022,11,14,1079
2022,11,14,756
2022,11,15,547
2022,11,17,1101
2022,11,18,814
2022,11,21,722
2022,11,23,840
2022,11,24,790
2022,11,24,982
2022,11,25,1031
2022,11,29,124
2022,11,29,440
2022,12,01,108
2022,12,01,494
2022,12,01,662
2022,12,02,583
2022,12,02,869
2022,12,03,1135
2022,12,04,708
2022,12,04,363
2022,12,05,419
2022,12,06,585
2022,12,06,602
2022,12,06,1000
2022,12,06,1234
2022,12,07,1415
2022,12,07,688
2022,12,08,817
2022,12,10,218
2022,12,12,483
2022,12,12,1109
2022,12,17,378
2022,12,18,1004
2022,12,19,590
2022,12,19,1561
2022,12,20,766
2022,12,21,201
2022,12,21,1122
2022,12,22,610
2022,12,22,128
2022,12,22,573
2022,12,23,429
2022,12,24,723
2022,12,24,1579
2022,12,26,153
2022,12,26,1323
2022,12,26,360
2022,12,27,402
2022,12,28,460
2022,12,29,667
2022,12,29,680
2022,12,29,103
2022,12,29,1151
2022,12,29,1107
2022,12,30,969
2022,12,30,2292
2022,12,30,822
2022,12,30,366
2022,12,31,774
2023,01,01,136
2023,01,02,1026
2023,01,02,778
2023,01,03,166
2023,01,03,588
2023,01,03,1403
2023,01,04,1055
2023,01,04,1157
2023,01,04,405
2023,01,04,595
2023,01,05,16
2023,01,05,440
2023,01,05,484
2023,01,06,540
2023,01,06,1001
2023,01,06,343
2023,01,06,572
2023,01,06,757
2023,01,08,485
2023,01,09,509
2023,01,10,1376
2023,01,11,434
2023,01,12,828
2023,01,12,155
2023,01,14,427
2023,01,15,465
2023,01,16,424
2023,01,17,750
2023,01,17,1062
2023,01,18,1364
2023,01,19,745
2023,01,19,370
2023,01,19,636
2023,01,19,1308
2023,01,21,339
2023,01,23,838
2023,01,24,589
2023,01,24,516
2023,01,25,438
2023,01,25,124
2023,01,26,615
2023,01,26,104
2023,01,26,273
2023,01,26,193
2023,01,26,1200
2023,01,27,988
2023,01,27,782
2023,01,27,781
2023,01,27,707
2023,01,27,918
2023,01,28,721
2023,01,28,992
2023,01,28,439
2023,01,29,607
2023,01,29,778
2023,01,29,870
2023,01,29,430
2023,01,29,487
2023,01,29,807
2023,01,30,972
2023,01,30,814
2023,01,30,1450
2023,01,30,479
2023,01,31,802
2023,01,31,988
2023,02,02,973
2023,02,02,178
2023,02,02,618
2023,02,02,496
2023,02,03,181
2023,02,03,1110
2023,02,03,1705
2023,02,03,477
2023,02,04,572
2023,02,04,250
2023,02,04,356
2023,02,06,652
2023,02,08,1263
2023,02,09,1048
2023,02,09,614
2023,02,10,535
2023,02,10,128
2023,02,12,626
2023,02,13,127
2023,02,13,472
2023,02,13,398
2023,02,14,596
2023,02,14,1318
2023,02,14,586
2023,02,15,1204
2023,02,17,992
2023,02,19,772
2023,02,20,729
2023,02,20,770
2023,02,20,455
2023,02,21,1355
2023,02,21,642
2023,02,22,168
2023,02,22,737
2023,02,22,966
2023,02,22,123
2023,02,23,986
2023,02,23,1120
2023,02,23,29
2023,02,23,887
2023,02,24,379
2023,02,24,882
2023,02,26,939
2023,02,26,858
2023,02,26,817
2023,02,27,989
2023,02,27,1138
2023,02,27,300
2023,02,27,1176
2023,02,28,978
2023,02,28,1090
2023,02,28,338
2023,03,01,568
2023,03,01,870
2023,03,02,873
2023,03,02,535
2023,03,03,859
2023,03,03,582
2023,03,03,503
2023,03,04,184
2023,03,07,746
2023,03,07,840
2023,03,08,758
2023,03,09,539
2023,03,09,459
2023,03,10,952
2023,03,10,418
2023,03,12,449
2023,03,13,760
2023,03,16,441
2023,03,18,333
2023,03,19,574
2023,03,19,725
2023,03,20,636
2023,03,21,670
2023,03,21,342
2023,03,21,497
2023,03,22,276
2023,03,22,113
2023,03,23,179
2023,03,24,634
2023,03,24,724
2023,03,26,582
2023,03,28,448
2023,03,28,800
2023,03,29,379
2023,03,30,986
2023,03,31,1134
2023,03,31,771
2023,04,01,460
2023,04,01,1145
2023,04,02,860
2023,04,02,528
2023,04,03,652
2023,04,03,954
2023,04,03,486
2023,04,03,147
2023,04,03,210
2023,04,05,869
2023,04,05,744
2023,04,05,931
2023,04,05,444
2023,04,05,352
2023,04,05,1109
2023,04,06,652
2023,04,06,877
2023,04,06,1020
2023,04,07,20
2023,04,07,286
2023,04,07,640
2023,04,07,1028
2023,04,07,559
2023,04,07,896
2023,04,07,34
2023,04,08,882
2023,04,09,1992
2023,04,09,3545
2023,04,09,966
2023,04,09,859
2023,04,10,632
2023,04,11,493
2023,04,11,1488
2023,04,11,33
2023,04,11,298
2023,04,11,1709
2023,04,11,865
2023,04,12,811
2023,04,12,1296
2023,04,12,549
2023,04,12,1393
2023,04,14,794
2023,04,14,575
2023,04,17,500
2023,04,18,426
2023,04,18,921
2023,04,19,2872
2023,04,24,405
2023,04,24,314
2023,04,27,517
2023,04,28,314
2023,05,02,703
2023,05,02,1072
2023,05,02,582
2023,05,02,118
2023,05,02,697
2023,05,02,1230
2023,05,02,28
2023,05,02,814
2023,05,03,1008
2023,05,03,345
2023,05,03,720
2023,05,03,756
2023,05,04,682
2023,05,04,392
2023,05,04,649
2023,05,06,467
2023,05,06,110
2023,05,07,380
2023,05,08,597
2023,05,08,542
2023,05,08,1327
2023,05,09,684
2023,05,09,478
2023,05,09,656
2023,05,09,25
2023,05,10,22
2023,05,10,937
2023,05,10,474
2023,05,10,545
2023,05,10,369
2023,05,11,629
2023,05,11,947
2023,05,11,808
2023,05,11,1767
2023,05,11,915
2023,05,11,446
2023,05,11,169
2023,05,11,102
2023,05,11,1215
2023,05,11,1173
2023,05,11,856
2023,05,11,1070
2023,05,11,33
2023,05,12,920
2023,05,12,1000
2023,05,13,493
2023,05,13,32
2023,05,13,113
2023,05,13,183
2023,05,14,1064
2023,05,15,1267
2023,05,15,1514
2023,05,15,155
2023,05,15,1253
2023,05,15,29
2023,05,16,770
2023,05,17,1623
2023,05,17,988
2023,05,18,930
2023,05,18,984
2023,05,18,638
2023,05,18,801
2023,05,18,1119
2023,05,18,898
2023,05,18,1317
2023,05,21,567
2023,05,22,2273
2023,05,22,660
2023,05,22,471
2023,05,23,706
2023,05,24,1899
2023,05,24,1174
2023,05,25,1056
2023,05,25,378
2023,05,26,631
2023,05,26,818
2023,05,27,596
2023,05,28,1011
2023,05,29,403
2023,05,29,779
2023,05,29,1635
2023,05,30,341
2023,05,30,1079
2023,05,31,1242
2023,06,01,1674
2023,06,02,313
2023,06,02,1074
2023,06,04,2013
2023,06,05,745
2023,06,05,1003
2023,06,05,1045
2023,06,06,781
2023,06,08,1085
2023,06,08,632
2023,06,08,451
2023,06,09,207
2023,06,09,364
2023,06,10,1095
2023,06,13,407
2023,06,13,745
2023,06,14,751
2023,06,14,349
2023,06,14,116
2023,06,14,900
2023,06,15,495
2023,06,15,547
2023,06,16,877
2023,06,17,820
2023,06,17,1327
2023,06,19,205
2023,06,19,33
2023,06,19,995
2023,06,20,222
2023,06,20,32
2023,06,20,905
2023,06,20,1550
2023,06,20,691
2023,06,20,587
2023,06,20,646
2023,06,21,507
2023,06,21,888
2023,06,21,480
2023,06,22,838
2023,06,22,380
2023,06,22,1106
2023,06,22,1825
2023,06,22,338
2023,06,23,794
2023,06,23,167
2023,06,23,821
2023,06,23,432
2023,06,23,885
2023,06,24,370
2023,06,25,444
2023,06,26,1087
2023,06,26,949
2023,06,27,1718
2023,06,28,780
2023,06,28,491
2023,06,28,902
2023,06,29,920
2023,06,29,1243
2023,06,30,110
2023,07,01,299
2023,07,02,286
2023,07,03,988
2023,07,03,991
2023,07,03,601
2023,07,03,854
2023,07,03,684
2023,07,03,35
2023,07,03,188
2023,07,03,1679
2023,07,04,672
2023,07,04,541
2023,07,04,292
2023,07,04,34
2023,07,05,1394
2023,07,05,751
2023,07,05,255
2023,07,05,32
2023,07,05,1292
2023,07,06,175
2023,07,06,903
2023,07,06,348
2023,07,06,652
2023,07,06,1284
2023,07,06,566
2023,07,06,1167
2023,07,07,1061
2023,07,07,787
2023,07,07,410
2023,07,07,32
2023,07,07,452
2023,07,08,575
2023,07,08,160
2023,07,08,366
2023,07,08,1163
2023,07,08,362
2023,07,10,429
2023,07,10,396
2023,07,10,1107
2023,07,11,665
2023,07,11,219
2023,07,11,529
2023,07,12,624
2023,07,12,698
2023,07,13,628
2023,07,13,145
2023,07,13,1011
2023,07,13,1177
2023,07,14,296
2023,07,14,1084
2023,07,15,642
2023,07,15,1335
2023,07,16,350
2023,07,17,610
2023,07,17,1346
2023,07,18,936
2023,07,18,901
2023,07,19,662
2023,07,19,155
2023,07,19,1222
2023,07,20,460
2023,07,20,1127
2023,07,20,1807
2023,07,20,328
2023,07,21,718
2023,07,22,568
2023,07,23,1054
2023,07,24,1035
2023,07,25,456
2023,07,26,467
2023,07,26,367
2023,07,26,388
2023,07,27,120
2023,07,27,871
2023,07,27,629
2023,07,28,1686
2023,07,28,857
2023,07,28,157
2023,07,31,559
2023,08,01,451
2023,08,02,1430
2023,08,04,670
2023,08,05,521
2023,08,06,617
2023,08,08,851
2023,08,08,469
2023,08,09,665
2023,08,09,167
2023,08,10,327
2023,08,11,568
2023,08,11,433
2023,08,12,434
2023,08,15,285
2023,08,17,1192
2023,08,17,1020
2023,08,18,528
2023,08,19,718
2023,08,20,679
2023,08,21,664
2023,08,21,730
2023,08,22,704
2023,08,22,742
2023,08,22,619
2023,08,24,706
2023,08,25,526
2023,08,26,518
2023,08,27,667
2023,08,27,1268
2023,08,28,446
2023,08,28,1361
2023,08,28,1064
2023,08,28,1077
2023,08,28,270
2023,08,30,293
2023,08,30,572
2023,08,30,460
2023,08,31,574
2023,08,31,1088
2023,08,31,1240
2023,08,31,375
2023,08,31,1203
2023,09,01,569
2023,09,05,735
2023,09,05,700
2023,09,05,238
2023,09,06,183
2023,09,07,558
2023,09,08,401
2023,09,08,463
2023,09,10,552
2023,09,13,1556
2023,09,13,926
2023,09,14,1289
2023,09,14,491
2023,09,14,111
2023,09,15,978
2023,09,15,537
2023,09,17,367
2023,09,17,1298
2023,09,19,812
2023,09,20,474
2023,09,20,780
2023,09,21,302
2023,09,21,548
2023,09,22,532
2023,09,22,1188
2023,09,22,358
2023,09,24,440
2023,09,25,546
2023,09,27,440
2023,09,27,666
2023,09,28,1048
2023,09,29,408
2023,09,30,365
2023,10,02,174
2023,10,04,660
2023,10,04,870
2023,10,05,744
2023,10,06,565
2023,10,06,619
2023,10,06,1391
2023,10,07,1176
2023,10,07,424
2023,10,07,90
2023,10,07,106
2023,10,07,531
2023,10,07,274
2023,10,07,179
2023,10,07,2301
2023,10,07,119
2023,10,07,242
2023,10,07,20
2023,10,07,1041
2023,10,08,528
2023,10,08,190
2023,10,08,665
2023,10,08,446
2023,10,08,189
2023,10,08,944
2023,10,08,858
2023,10,08,753
2023,10,08,268
2023,10,08,97
2023,10,08,25
2023,10,08,531
2023,10,09,632
2023,10,09,381
2023,10,09,770
2023,10,09,214
2023,10,09,1222
2023,10,09,753
2023,10,09,383
2023,10,09,752
2023,10,09,25
2023,10,09,1088
2023,10,09,1074
2023,10,09,518
2023,10,09,352
2023,10,09,181
2023,10,09,556
2023,10,09,1108
2023,10,09,386
2023,10,09,1019
2023,10,09,328
2023,10,09,599
2023,10,09,311
2023,10,09,67
2023,10,09,358
2023,10,09,27
2023,10,09,654
2023,10,10,17
2023,10,10,785
2023,10,10,809
2023,10,10,661
2023,10,10,100
2023,10,10,969
2023,10,10,703
2023,10,10,38
2023,10,10,512
2023,10,10,461
2023,10,10,1016
2023,10,10,964
2023,10,10,62
2023,10,10,737
2023,10,10,787
2023,10,10,82
2023,10,10,478
2023,10,10,1040
2023,10,10,989
2023,10,10,571
2023,10,10,22
2023,10,10,827
2023,10,10,330
2023,10,10,26
2023,10,10,725
2023,10,10,168
2023,10,10,860
2023,10,10,1244
2023,10,10,423
2023,10,11,18
2023,10,11,457
2023,10,11,399
2023,10,11,118
2023,10,11,392
2023,10,11,531
2023,10,11,439
2023,10,11,608
2023,10,11,36
2023,10,11,1049
2023,10,11,186
2023,10,11,1461
2023,10,11,495
2023,10,11,590
2023,10,11,947
2023,10,11,942
2023,10,11,570
2023,10,11,1251
2023,10,11,831
2023,10,11,66
2023,10,11,342
2023,10,11,699
2023,10,11,651
2023,10,11,1125
2023,10,12,375
2023,10,12,111
2023,10,12,401
2023,10,12,1347
2023,10,12,393
2023,10,12,957
2023,10,12,759
2023,10,12,642
2023,10,12,1064
2023,10,12,722
2023,10,12,679
2023,10,12,660
2023,10,12,333
2023,10,12,482
2023,10,12,478
2023,10,12,1340
2023,10,12,1120
2023,10,12,829
2023,10,12,796
2023,10,12,578
2023,10,12,113
2023,10,12,960
2023,10,12,957
2023,10,12,622
2023,10,12,424
2023,10,12,156
2023,10,12,433
2023,10,12,567
2023,10,12,262
2023,10,12,296
2023,10,12,46
2023,10,12,970
2023,10,12,654
2023,10,12,189
2023,10,13,808
2023,10,13,26
2023,10,13,166
2023,10,13,875
2023,10,13,111
2023,10,13,865
2023,10,13,841
2023,10,13,899
2023,10,13,576
2023,10,13,899
2023,10,13,859
2023,10,13,1080
2023,10,13,1088
2023,10,13,1078
2023,10,13,1028
2023,10,13,237
2023,10,13,1123
2023,10,13,100
2023,10,13,667
2023,10,13,291
2023,10,13,486
2023,10,13,241
2023,10,13,586
2023,10,13,892
2023,10,13,93
2023,10,13,392
2023,10,13,1093
2023,10,13,875
2023,10,13,892
2023,10,13,18
2023,10,13,358
2023,10,13,490
2023,10,13,979
2023,10,13,465
2023,10,13,157
2023,10,13,743
2023,10,13,1186
2023,10,13,25
2023,10,14,1143
2023,10,14,591
2023,10,14,872
2023,10,14,539
2023,10,14,831
2023,10,14,419
2023,10,14,128
2023,10,14,301
2023,10,14,109
2023,10,14,880
2023,10,14,1006
2023,10,14,508
2023,10,14,1044
2023,10,14,453
2023,10,14,18
2023,10,14,835
2023,10,14,1670
2023,10,15,19
2023,10,15,126
2023,10,15,558
2023,10,15,702
2023,10,15,953
2023,10,15,1326
2023,10,15,174
2023,10,15,1346
2023,10,15,540
2023,10,15,1163
2023,10,15,736
2023,10,16,23
2023,10,16,993
2023,10,16,399
2023,10,16,162
2023,10,16,673
2023,10,16,1774
2023,10,16,806
2023,10,16,753
2023,10,16,587
2023,10,16,250
2023,10,16,546
2023,10,16,33
2023,10,16,772
2023,10,16,541
2023,10,16,942
2023,10,16,1014
2023,10,16,811
2023,10,16,423
2023,10,16,472
2023,10,16,1363
2023,10,16,721
2023,10,16,782
2023,10,16,285
2023,10,16,436
2023,10,16,370
2023,10,16,1395
2023,10,16,786
2023,10,16,929
2023,10,16,18
2023,10,16,845
2023,10,16,832
2023,10,16,185
2023,10,16,914
2023,10,17,27
2023,10,17,425
2023,10,17,247
2023,10,17,464
2023,10,17,375
2023,10,17,752
2023,10,17,1707
2023,10,17,348
2023,10,17,702
2023,10,17,1169
2023,10,17,1119
2023,10,17,579
2023,10,17,813
2023,10,17,1284
2023,10,17,173
2023,10,17,864
2023,10,17,445
2023,10,17,202
2023,10,17,283
2023,10,17,452
2023,10,17,380
2023,10,17,18
2023,10,17,804
2023,10,17,329
2023,10,17,932
2023,10,17,1420
2023,10,17,508
2023,10,17,665
2023,10,17,1158
2023,10,17,1028
2023,10,18,17
2023,10,18,652
2023,10,18,154
2023,10,18,888
2023,10,18,1504
2023,10,18,842
2023,10,18,1556
2023,10,18,1592
2023,10,18,1106
2023,10,18,1213
2023,10,18,313
2023,10,18,387
2023,10,18,1213
2023,10,18,1147
2023,10,18,657
2023,10,18,1771
2023,10,18,374
2023,10,18,964
2023,10,18,1114
2023,10,18,700
2023,10,18,454
2023,10,18,1172
2023,10,18,294
2023,10,18,18
2023,10,18,952
2023,10,18,194
2023,10,18,1086
2023,10,18,906
2023,10,18,851
2023,10,19,31
2023,10,19,689
2023,10,19,154
2023,10,19,601
2023,10,19,843
2023,10,19,1384
2023,10,19,659
2023,10,19,663
2023,10,19,938
2023,10,19,412
2023,10,19,1164
2023,10,19,979
2023,10,19,176
2023,10,19,46
2023,10,19,956
2023,10,19,223
2023,10,19,856
2023,10,19,883
2023,10,19,598
2023,10,19,935
2023,10,19,417
2023,10,19,373
2023,10,19,171
2023,10,19,311
2023,10,19,822
2023,10,19,18
2023,10,19,625
2023,10,19,1116
2023,10,19,593
2023,10,19,428
2023,10,19,1184
2023,10,19,779
2023,10,20,19
2023,10,20,119
2023,10,20,404
2023,10,20,416
2023,10,20,1194
2023,10,20,859
2023,10,20,596
2023,10,20,839
2023,10,20,542
2023,10,20,163
2023,10,20,778
2023,10,20,1380
2023,10,20,702
2023,10,20,112
2023,10,20,876
2023,10,20,586
2023,10,20,493
2023,10,20,1464
2023,10,20,1017
2023,10,20,1058
2023,10,20,18
2023,10,20,451
2023,10,20,395
2023,10,20,1763
2023,10,20,662
2023,10,20,830
2023,10,20,1288
2023,10,21,17
2023,10,21,594
2023,10,21,876
2023,10,21,143
2023,10,21,108
2023,10,21,110
2023,10,21,1112
2023,10,21,23
2023,10,21,967
2023,10,21,1187
2023,10,21,989
2023,10,21,294
2023,10,21,124
2023,10,21,1002
2023,10,21,680
2023,10,21,18
2023,10,21,337
2023,10,21,878
2023,10,21,416
2023,10,21,1151
2023,10,21,418
2023,10,22,31
2023,10,22,367
2023,10,22,105
2023,10,22,345
2023,10,22,313
2023,10,22,370
2023,10,22,621
2023,10,22,140
2023,10,22,1750
2023,10,22,845
2023,10,22,509
2023,10,22,883
2023,10,22,760
2023,10,22,18
2023,10,22,410
2023,10,22,475
2023,10,22,496
2023,10,22,168
2023,10,22,883
2023,10,22,367
2023,10,22,678
2023,10,23,30
2023,10,23,127
2023,10,23,526
2023,10,23,519
2023,10,23,596
2023,10,23,882
2023,10,23,1036
2023,10,23,1247
2023,10,23,845
2023,10,23,1313
2023,10,23,188
2023,10,23,581
2023,10,23,847
2023,10,23,653
2023,10,23,1530
2023,10,23,127
2023,10,23,546
2023,10,23,332
2023,10,23,1239
2023,10,23,18
2023,10,23,1035
2023,10,23,411
2023,10,24,31
2023,10,24,178
2023,10,24,128
2023,10,24,442
2023,10,24,540
2023,10,24,846
2023,10,24,938
2023,10,24,150
2023,10,24,1161
2023,10,24,982
2023,10,24,595
2023,10,24,325
2023,10,24,764
2023,10,24,405
2023,10,24,18
2023,10,24,730
2023,10,24,1937
2023,10,24,694
2023,10,24,478
2023,10,24,580
2023,10,24,654
2023,10,25,633
2023,10,25,647
2023,10,25,202
2023,10,25,979
2023,10,25,469
2023,10,25,498
2023,10,25,579
2023,10,25,1165
2023,10,25,126
2023,10,25,840
2023,10,25,364
2023,10,25,1286
2023,10,25,131
2023,10,25,447
2023,10,25,366
2023,10,25,419
2023,10,25,510
2023,10,25,518
2023,10,25,1456
2023,10,25,205
2023,10,25,846
2023,10,25,18
2023,10,25,1029
2023,10,25,754
2023,10,25,296
2023,10,25,831
2023,10,25,1060
2023,10,25,1283
2023,10,26,1119
2023,10,26,452
2023,10,26,117
2023,10,26,655
2023,10,26,1064
2023,10,26,1321
2023,10,26,913
2023,10,26,1153
2023,10,26,706
2023,10,26,531
2023,10,26,124
2023,10,26,780
2023,10,26,970
2023,10,26,889
2023,10,26,654
2023,10,26,106
2023,10,26,634
2023,10,26,18
2023,10,26,406
2023,10,26,772
2023,10,26,1198
2023,10,26,587
2023,10,26,30
2023,10,27,410
2023,10,27,87
2023,10,27,383
2023,10,27,1176
2023,10,27,474
2023,10,27,501
2023,10,27,550
2023,10,27,598
2023,10,27,856
2023,10,27,1365
2023,10,27,143
2023,10,27,636
2023,10,27,109
2023,10,27,127
2023,10,27,34
2023,10,27,354
2023,10,27,1112
2023,10,27,931
2023,10,27,307
2023,10,27,597
2023,10,27,1245
2023,10,27,723
2023,10,27,442
2023,10,27,18
2023,10,27,393
2023,10,27,511
2023,10,27,1163
2023,10,27,486
2023,10,27,108
2023,10,27,343
2023,10,27,910
2023,10,27,1348
2023,10,27,913
2023,10,27,630
2023,10,27,30
2023,10,28,33
2023,10,28,787
2023,10,28,1039
2023,10,28,608
2023,10,28,190
2023,10,28,1468
2023,10,28,1216
2023,10,28,497
2023,10,28,189
2023,10,28,114
2023,10,28,1268
2023,10,28,833
2023,10,28,98
2023,10,28,1406
2023,10,28,18
2023,10,28,724
2023,10,28,767
2023,10,28,1155
2023,10,28,171
2023,10,28,117
2023,10,28,1920
2023,10,28,153
2023,10,28,477
2023,10,28,612
2023,10,28,18
2023,10,29,661
2023,10,29,456
2023,10,29,470
2023,10,29,92
2023,10,29,660
2023,10,29,1347
2023,10,29,254
2023,10,29,156
2023,10,29,1386
2023,10,29,1019
2023,10,29,1049
2023,10,29,583
2023,10,29,711
2023,10,29,1567
2023,10,29,689
2023,10,29,400
2023,10,29,1030
2023,10,29,1163
2023,10,29,300
2023,10,29,558
2023,10,30,1327
2023,10,30,939
2023,10,30,840
2023,10,30,437
2023,10,30,385
2023,10,30,489
2023,10,30,1113
2023,10,30,467
2023,10,30,705
2023,10,30,974
2023,10,30,497
2023,10,30,571
2023,10,30,1026
2023,10,30,1019
2023,10,30,705
2023,10,30,175
2023,10,30,400
2023,10,30,784
2023,10,30,529
2023,10,30,1662
2023,10,30,688
2023,10,30,889
2023,10,30,658
2023,10,30,648
2023,10,30,18
2023,10,30,961
2023,10,30,410
2023,10,30,525
2023,10,30,1386
2023,10,30,470
2023,10,30,494
2023,10,30,141
2023,10,30,29
2023,10,31,133
2023,10,31,126
2023,10,31,394
2023,10,31,338
2023,10,31,464
2023,10,31,567
2023,10,31,952
2023,10,31,146
2023,10,31,878
2023,10,31,632
2023,10,31,963
2023,10,31,407
2023,10,31,1204
2023,10,31,1141
2023,10,31,1512
2023,10,31,120
2023,10,31,1345
2023,10,31,407
2023,10,31,643
2023,10,31,437
2023,10,31,686
2023,10,31,18
2023,10,31,291
2023,10,31,288
2023,10,31,935
2023,10,31,159
2023,10,31,31
2023,11,01,757
2023,11,01,489
2023,11,01,959
2023,11,01,441
2023,11,01,836
2023,11,01,556
2023,11,01,774
2023,11,01,510
2023,11,01,615
2023,11,01,525
2023,11,01,1516
2023,11,01,1017
2023,11,01,536
2023,11,01,1356
2023,11,01,406
2023,11,01,216
2023,11,01,1167
2023,11,01,1444
2023,11,01,770
2023,11,01,602
2023,11,01,299
2023,11,01,18
2023,11,01,1425
2023,11,01,473
2023,11,01,893
2023,11,01,19
2023,11,02,1061
2023,11,02,572
2023,11,02,442
2023,11,02,464
2023,11,02,451
2023,11,02,493
2023,11,02,375
2023,11,02,779
2023,11,02,913
2023,11,02,422
2023,11,02,536
2023,11,02,903
2023,11,02,1267
2023,11,02,964
2023,11,02,906
2023,11,02,1414
2023,11,02,18
2023,11,02,700
2023,11,02,1011
2023,11,02,881
2023,11,02,1243
2023,11,02,711
2023,11,02,1102
2023,11,02,532
2023,11,02,210
2023,11,02,1140
2023,11,02,144
2023,11,02,944
2023,11,02,763
2023,11,02,24
2023,11,03,385
2023,11,03,917
2023,11,03,95
2023,11,03,683
2023,11,03,197
2023,11,03,1056
2023,11,03,312
2023,11,03,1312
2023,11,03,770
2023,11,03,615
2023,11,03,746
2023,11,03,699
2023,11,03,508
2023,11,03,108
2023,11,03,315
2023,11,03,461
2023,11,03,972
2023,11,03,1938
2023,11,03,945
2023,11,03,502
2023,11,03,1169
2023,11,03,409
2023,11,03,394
2023,11,03,18
2023,11,03,1736
2023,11,03,334
2023,11,03,727
2023,11,03,153
2023,11,03,486
2023,11,03,23
2023,11,04,18
2023,11,04,515
2023,11,04,964
2023,11,04,234
2023,11,04,683
2023,11,04,282
2023,11,04,1359
2023,11,04,1314
2023,11,04,463
2023,11,04,150
2023,11,04,94
2023,11,04,35
2023,11,04,813
2023,11,04,111
2023,11,04,420
2023,11,04,810
2023,11,04,18
2023,11,04,1762
2023,11,04,1178
2023,11,04,1208
2023,11,04,342
2023,11,04,1188
2023,11,04,1139
2023,11,04,18
2023,11,05,693
2023,11,05,400
2023,11,05,768
2023,11,05,655
2023,11,05,113
2023,11,05,119
2023,11,05,449
2023,11,05,1422
2023,11,05,366
2023,11,05,1983
2023,11,05,135
2023,11,05,18
2023,11,05,668
2023,11,05,935
2023,11,05,412
2023,11,05,797
2023,11,06,200
2023,11,06,583
2023,11,06,449
2023,11,06,914
2023,11,06,1211
2023,11,06,477
2023,11,06,1215
2023,11,06,1064
2023,11,06,359
2023,11,06,397
2023,11,06,551
2023,11,06,452
2023,11,06,1189
2023,11,06,1756
2023,11,06,1439
2023,11,06,997
2023,11,06,471
2023,11,06,532
2023,11,06,1525
2023,11,06,18
2023,11,06,396
2023,11,06,307
2023,11,06,226
2023,11,06,155
2023,11,06,315
2023,11,06,489
2023,11,06,1296
2023,11,06,25
2023,11,07,763
2023,11,07,1004
2023,11,07,177
2023,11,07,218
2023,11,07,1421
2023,11,07,149
2023,11,07,1602
2023,11,07,1265
2023,11,07,232
2023,11,07,562
2023,11,07,137
2023,11,07,699
2023,11,07,1014
2023,11,07,681
2023,11,07,314
2023,11,07,479
2023,11,07,1002
2023,11,07,1563
2023,11,07,987
2023,11,07,18
2023,11,07,193
2023,11,07,1342
2023,11,07,470
2023,11,07,419
2023,11,07,517
2023,11,07,25
2023,11,08,1097
2023,11,08,1197
2023,11,08,1252
2023,11,08,480
2023,11,08,760
2023,11,08,659
2023,11,08,492
2023,11,08,587
2023,11,08,998
2023,11,08,1609
2023,11,08,908
2023,11,08,317
2023,11,08,1043
2023,11,08,1099
2023,11,08,389
2023,11,08,1019
2023,11,08,130
2023,11,08,1160
2023,11,08,984
2023,11,08,1277
2023,11,08,413
2023,11,08,367
2023,11,08,18
2023,11,08,945
2023,11,08,196
2023,11,08,147
2023,11,08,566
2023,11,08,23
2023,11,09,939
2023,11,09,812
2023,11,09,1263
2023,11,09,842
2023,11,09,1080
2023,11,09,1709
2023,11,09,922
2023,11,09,685
2023,11,09,1286
2023,11,09,124
2023,11,09,848
2023,11,09,33
2023,11,09,784
2023,11,09,573
2023,11,09,645
2023,11,09,998
2023,11,09,567
2023,11,09,1422
2023,11,09,88
2023,11,09,101
2023,11,09,638
2023,11,09,18
2023,11,09,130
2023,11,09,1570
2023,11,09,704
2023,11,09,31
2023,11,10,1111
2023,11,10,393
2023,11,10,206
2023,11,10,400
2023,11,10,323
2023,11,10,948
2023,11,10,206
2023,11,10,1746
2023,11,10,1222
2023,11,10,946
2023,11,10,1066
2023,11,10,946
2023,11,10,1170
2023,11,10,892
2023,11,10,116
2023,11,10,124
2023,11,10,93
2023,11,10,1430
2023,11,10,239
2023,11,10,1907
2023,11,10,702
2023,11,10,645
2023,11,10,1153
2023,11,10,430
2023,11,10,18
2023,11,10,402
2023,11,10,1070
2023,11,10,564
2023,11,10,239
2023,11,10,943
2023,11,10,557
2023,11,10,681
2023,11,10,31
2023,11,11,441
2023,11,11,727
2023,11,11,153
2023,11,11,178
2023,11,11,964
2023,11,11,169
2023,11,11,239
2023,11,11,709
2023,11,11,502
2023,11,11,108
2023,11,11,1183
2023,11,11,802
2023,11,11,1441
2023,11,11,1027
2023,11,11,175
2023,11,11,1080
2023,11,11,448
2023,11,11,119
2023,11,11,614
2023,11,11,2314
2023,11,11,26
2023,11,12,119
2023,11,12,413
2023,11,12,392
2023,11,12,306
2023,11,12,983
2023,11,12,738
2023,11,12,627
2023,11,12,990
2023,11,12,850
2023,11,12,18
2023,11,12,1481
2023,11,12,360
2023,11,12,1220
2023,11,12,30
2023,11,13,739
2023,11,13,557
2023,11,13,259
2023,11,13,690
2023,11,13,1218
2023,11,13,614
2023,11,13,1314
2023,11,13,771
2023,11,13,795
2023,11,13,1430
2023,11,13,1127
2023,11,13,1216
2023,11,13,688
2023,11,13,1325
2023,11,13,1069
2023,11,13,1072
2023,11,13,398
2023,11,13,18
2023,11,13,282
2023,11,13,277
2023,11,13,1003
2023,11,13,647
2023,11,13,697
2023,11,13,30
2023,11,14,410
2023,11,14,173
2023,11,14,122
2023,11,14,690
2023,11,14,520
2023,11,14,1164
2023,11,14,103
2023,11,14,146
2023,11,14,1013
2023,11,14,1151
2023,11,14,761
2023,11,14,1063
2023,11,14,746
2023,11,14,658
2023,11,14,576
2023,11,14,1096
2023,11,14,18
2023,11,14,654
2023,11,14,402
2023,11,14,528
2023,11,14,1234
2023,11,14,908
2023,11,14,28
2023,11,15,875
2023,11,15,535
2023,11,15,494
2023,11,15,127
2023,11,15,837
2023,11,15,503
2023,11,15,980
2023,11,15,915
2023,11,15,194
2023,11,15,1549
2023,11,15,688
2023,11,15,1343
2023,11,15,575
2023,11,15,282
2023,11,15,570
2023,11,15,1399
2023,11,15,62
2023,11,15,110
2023,11,15,173
2023,11,15,500
2023,11,15,18
2023,11,15,1209
2023,11,15,1000
2023,11,15,541
2023,11,15,1086
2023,11,15,620
2023,11,15,963
2023,11,15,24
2023,11,16,592
2023,11,16,510
2023,11,16,168
2023,11,16,599
2023,11,16,620
2023,11,16,295
2023,11,16,805
2023,11,16,485
2023,11,16,525
2023,11,16,124
2023,11,16,840
2023,11,16,663
2023,11,16,1035
2023,11,16,147
2023,11,16,572
2023,11,16,1329
2023,11,16,1077
2023,11,16,762
2023,11,16,328
2023,11,16,506
2023,11,16,681
2023,11,16,338
2023,11,16,552
2023,11,16,641
2023,11,16,18
2023,11,16,1303
2023,11,16,615
2023,11,16,23
2023,11,17,1416
2023,11,17,818
2023,11,17,149
2023,11,17,123
2023,11,17,757
2023,11,17,1841
2023,11,17,2084
2023,11,17,135
2023,11,17,890
2023,11,17,613
2023,11,17,1929
2023,11,17,762
2023,11,17,547
2023,11,17,27
2023,11,17,725
2023,11,17,249
2023,11,17,1067
2023,11,17,1315
2023,11,17,371
2023,11,17,541
2023,11,17,25
2023,11,18,510
2023,11,18,682
2023,11,18,217
2023,11,18,685
2023,11,18,538
2023,11,18,178
2023,11,18,119
2023,11,18,994
2023,11,18,1287
2023,11,18,372
2023,11,18,1032
2023,11,18,590
2023,11,18,516
2023,11,18,120
2023,11,18,699
2023,11,18,589
2023,11,18,1008
2023,11,18,110
2023,11,18,1495
2023,11,18,41
2023,11,19,772
2023,11,19,120
2023,11,19,608
2023,11,19,471
2023,11,19,514
2023,11,19,898
2023,11,19,510
2023,11,19,355
2023,11,19,1144
2023,11,19,1204
2023,11,19,1173
2023,11,19,556
2023,11,19,926
2023,11,20,139
2023,11,20,254
2023,11,20,708
2023,11,20,1043
2023,11,20,973
2023,11,20,694
2023,11,20,1204
2023,11,20,613
2023,11,20,1766
2023,11,20,1327
2023,11,20,182
2023,11,20,911
2023,11,20,1033
2023,11,20,770
2023,11,20,461
2023,11,20,444
2023,11,20,1033
2023,11,20,794
2023,11,20,158
2023,11,20,18
2023,11,20,624
2023,11,20,431
2023,11,20,554
2023,11,20,30
2023,11,21,393
2023,11,21,1553
2023,11,21,291
2023,11,21,1302
2023,11,21,400
2023,11,21,120
2023,11,21,756
2023,11,21,2722
2023,11,21,547
2023,11,21,1762
2023,11,21,460
2023,11,21,18
2023,11,21,869
2023,11,21,1194
2023,11,21,347
2023,11,21,1337
2023,11,21,1743
2023,11,21,32
2023,11,22,769
2023,11,22,96
2023,11,22,695
2023,11,22,744
2023,11,22,511
2023,11,22,1147
2023,11,22,130
2023,11,22,1052
2023,11,22,160
2023,11,22,185
2023,11,22,135
2023,11,22,984
2023,11,22,1000
2023,11,22,541
2023,11,22,115
2023,11,22,224
2023,11,22,600
2023,11,22,139
2023,11,22,26
2023,11,22,84
2023,11,22,849
2023,11,22,547
2023,11,22,448
2023,11,22,1473
2023,11,22,906
2023,11,22,33
2023,11,23,467
2023,11,23,764
2023,11,23,762
2023,11,23,923
2023,11,23,247
2023,11,23,611
2023,11,23,610
2023,11,23,159
2023,11,23,672
2023,11,23,1539
2023,11,23,384
2023,11,23,548
2023,11,23,103
2023,11,23,1382
2023,11,23,22
2023,11,23,421
2023,11,23,681
2023,11,23,626
2023,11,23,2121
2023,11,23,218
2023,11,23,920
2023,11,23,730
2023,11,23,1396
2023,11,23,30
2023,11,24,181
2023,11,24,519
2023,11,24,73
2023,11,24,660
2023,11,24,785
2023,11,24,581
2023,11,24,1009
2023,11,24,540
2023,11,24,1523
2023,11,24,234
2023,11,24,896
2023,11,24,998
2023,11,24,2084
2023,11,24,143
2023,11,24,865
2023,11,24,22
2023,11,24,1069
2023,11,24,797
2023,11,24,196
2023,11,24,1090
2023,11,24,968
2023,11,24,22
2023,11,25,1050
2023,11,25,203
2023,11,25,272
2023,11,25,598
2023,11,25,522
2023,11,25,579
2023,11,25,556
2023,11,25,1313
2023,11,25,94
2023,11,25,851
2023,11,25,22
2023,11,25,511
2023,11,25,232
2023,11,25,168
2023,11,25,481
2023,11,25,588
2023,11,25,431
2023,11,25,959
2023,11,25,623
2023,11,25,930
2023,11,25,508
2023,11,25,107
2023,11,26,141
2023,11,26,782
2023,11,26,577
2023,11,26,1526
2023,11,26,186
2023,11,26,149
2023,11,26,445
2023,11,26,788
2023,11,26,415
2023,11,26,1017
2023,11,26,309
2023,11,27,1114
2023,11,27,357
2023,11,27,166
2023,11,27,400
2023,11,27,847
2023,11,27,693
2023,11,27,479
2023,11,27,1089
2023,11,27,457
2023,11,27,1275
2023,11,27,1544
2023,11,27,650
2023,11,27,1127
2023,11,27,292
2023,11,27,539
2023,11,27,34
2023,11,27,22
2023,11,27,893
2023,11,27,1287
2023,11,27,531
2023,11,27,898
2023,11,27,254
2023,11,27,688
2023,11,27,22
2023,11,28,903
2023,11,28,486
2023,11,28,634
2023,11,28,120
2023,11,28,779
2023,11,28,774
2023,11,28,1133
2023,11,28,1469
2023,11,28,1003
2023,11,28,146
2023,11,28,565
2023,11,28,22
2023,11,28,92
2023,11,28,1816
2023,11,28,596
2023,11,28,31
2023,11,29,941
2023,11,29,392
2023,11,29,994
2023,11,29,119
2023,11,29,796
2023,11,29,580
2023,11,29,319
2023,11,29,1034
2023,11,29,1574
2023,11,29,878
2023,11,29,132
2023,11,29,112
2023,11,29,1451
2023,11,29,1099
2023,11,29,325
2023,11,29,375
2023,11,29,915
2023,11,29,64
2023,11,29,204
2023,11,29,286
2023,11,29,24
2023,11,30,1229
2023,11,30,1197
2023,11,30,613
2023,11,30,133
2023,11,30,741
2023,11,30,1512
2023,11,30,476
2023,11,30,699
2023,11,30,1311
2023,11,30,22
2023,11,30,482
2023,11,30,184
2023,11,30,1334
2023,11,30,228
2023,11,30,598
2023,11,30,949
2023,11,30,35
2023,12,01,873
2023,12,01,566
2023,12,01,233
2023,12,01,541
2023,12,01,178
2023,12,01,744
2023,12,01,1252
2023,12,01,119
2023,12,01,1286
2023,12,01,118
2023,12,01,1116
2023,12,01,96
2023,12,01,1145
2023,12,01,1173
2023,12,01,1113
2023,12,01,425
2023,12,01,357
2023,12,01,771
2023,12,01,270
2023,12,01,23
2023,12,01,179
2023,12,01,721
2023,12,01,832
2023,12,01,39
2023,12,02,243
2023,12,02,195
2023,12,02,818
2023,12,02,209
2023,12,02,787
2023,12,02,1036
2023,12,02,623
2023,12,02,111
2023,12,02,836
2023,12,02,797
2023,12,02,1053
2023,12,02,1320
2023,12,02,172
2023,12,02,632
2023,12,02,456
2023,12,02,1623
2023,12,02,108
2023,12,02,1275
2023,12,02,1222
2023,12,03,139
2023,12,03,495
2023,12,03,365
2023,12,03,1053
2023,12,03,201
2023,12,03,869
2023,12,03,1291
2023,12,03,622
2023,12,03,619
2023,12,03,684
2023,12,03,988
2023,12,03,23
2023,12,04,234
2023,12,04,185
2023,12,04,708
2023,12,04,1242
2023,12,04,923
2023,12,04,134
2023,12,04,1390
2023,12,04,633
2023,12,04,990
2023,12,04,601
2023,12,04,113
2023,12,04,23
2023,12,04,377
2023,12,04,325
2023,12,04,37
2023,12,05,522
2023,12,05,294
2023,12,05,183
2023,12,05,832
2023,12,05,380
2023,12,05,848
2023,12,05,557
2023,12,05,918
2023,12,05,129
2023,12,05,1568
2023,12,05,132
2023,12,05,245
2023,12,05,1160
2023,12,05,502
2023,12,05,582
2023,12,05,437
2023,12,05,1363
2023,12,05,780
2023,12,05,19
2023,12,05,37
2023,12,06,171
2023,12,06,465
2023,12,06,615
2023,12,06,1498
2023,12,06,494
2023,12,06,120
2023,12,06,993
2023,12,06,1576
2023,12,06,557
2023,12,06,640
2023,12,06,555
2023,12,06,19
2023,12,06,326
2023,12,06,692
2023,12,06,1322
2023,12,06,35
2023,12,07,105
2023,12,07,287
2023,12,07,203
2023,12,07,451
2023,12,07,1022
2023,12,07,670
2023,12,07,104
2023,12,07,698
2023,12,07,455
2023,12,07,929
2023,12,07,957
2023,12,07,649
2023,12,07,682
2023,12,07,19
2023,12,07,458
2023,12,07,396
2023,12,07,755
2023,12,07,31
2023,12,08,165
2023,12,08,608
2023,12,08,636
2023,12,08,452
2023,12,08,90
2023,12,08,683
2023,12,08,981
2023,12,08,692
2023,12,08,560
2023,12,08,718
2023,12,08,1350
2023,12,08,311
2023,12,08,391
2023,12,08,746
2023,12,08,267
2023,12,08,512
2023,12,08,30
2023,12,08,19
2023,12,08,1105
2023,12,08,335
2023,12,08,32
2023,12,09,447
2023,12,09,125
2023,12,09,320
2023,12,09,499
2023,12,09,676
2023,12,09,993
2023,12,09,349
2023,12,09,115
2023,12,09,947
2023,12,09,800
2023,12,09,1026
2023,12,09,1047
2023,12,09,204
2023,12,09,1497
2023,12,09,19
2023,12,09,106
2023,12,09,1191
2023,12,10,609
2023,12,10,1221
2023,12,10,193
2023,12,10,461
2023,12,10,378
2023,12,10,617
2023,12,10,619
2023,12,10,1630
2023,12,10,1212
2023,12,10,910
2023,12,10,492
2023,12,10,485
2023,12,11,442
2023,12,11,1106
2023,12,11,174
2023,12,11,778
2023,12,11,535
2023,12,11,302
2023,12,11,289
2023,12,11,973
2023,12,11,1377
2023,12,11,1085
2023,12,11,1197
2023,12,11,1312
2023,12,11,698
2023,12,11,690
2023,12,11,108
2023,12,11,19
2023,12,11,284
2023,12,11,368
2023,12,11,605
2023,12,11,33
2023,12,12,610
2023,12,12,1453
2023,12,12,617
2023,12,12,280
2023,12,12,777
2023,12,12,1448
2023,12,12,1555
2023,12,12,531
2023,12,12,687
2023,12,12,118
2023,12,12,561
2023,12,12,1342
2023,12,12,313
2023,12,12,19
2023,12,12,2299
2023,12,13,1106
2023,12,13,118
2023,12,13,1133
2023,12,13,1145
2023,12,13,943
2023,12,13,1167
2023,12,13,1130
2023,12,13,645
2023,12,13,1636
2023,12,13,1477
2023,12,13,704
2023,12,13,783
2023,12,13,86
2023,12,13,19
2023,12,13,721
2023,12,13,251
2023,12,14,943
2023,12,14,165
2023,12,14,329
2023,12,14,603
2023,12,14,1067
2023,12,14,154
2023,12,14,1440
2023,12,14,114
2023,12,14,78
2023,12,14,343
2023,12,14,1240
2023,12,14,1077
2023,12,14,629
2023,12,14,556
2023,12,14,1322
2023,12,14,19
2023,12,14,1298
2023,12,14,245
2023,12,14,23
2023,12,15,357
2023,12,15,508
2023,12,15,181
2023,12,15,859
2023,12,15,2187
2023,12,15,614
2023,12,15,1535
2023,12,15,872
2023,12,15,246
2023,12,15,123
2023,12,15,1005
2023,12,15,718
2023,12,15,139
2023,12,15,903
2023,12,15,476
2023,12,15,141
2023,12,15,378
2023,12,15,125
2023,12,15,1943
2023,12,15,19
2023,12,15,348
2023,12,15,541
2023,12,15,25
2023,12,16,365
2023,12,16,528
2023,12,16,842
2023,12,16,195
2023,12,16,293
2023,12,16,925
2023,12,16,458
2023,12,16,165
2023,12,16,113
2023,12,16,826
2023,12,16,546
2023,12,16,1272
2023,12,16,562
2023,12,16,153
2023,12,16,2253
2023,12,16,19
2023,12,17,383
2023,12,17,191
2023,12,17,602
2023,12,17,126
2023,12,17,418
2023,12,17,466
2023,12,17,19
2023,12,17,941
2023,12,17,616
2023,12,17,1078
2023,12,18,636
2023,12,18,184
2023,12,18,681
2023,12,18,635
2023,12,18,650
2023,12,18,532
2023,12,18,1028
2023,12,18,231
2023,12,18,19
2023,12,18,295
2023,12,18,1079
2023,12,18,2397
2023,12,19,301
2023,12,19,630
2023,12,19,1634
2023,12,19,963
2023,12,19,743
2023,12,19,985
2023,12,19,774
2023,12,19,1509
2023,12,19,19
2023,12,19,670
2023,12,19,25
2023,12,20,979
2023,12,20,111
2023,12,20,468
2023,12,20,1086
2023,12,20,762
2023,12,20,534
2023,12,20,440
2023,12,20,1081
2023,12,20,19
2023,12,20,1073
2023,12,20,37
2023,12,21,671
2023,12,21,146
2023,12,21,420
2023,12,21,1205
2023,12,21,514
2023,12,21,1222
2023,12,21,1307
2023,12,21,487
2023,12,21,449
2023,12,21,541
2023,12,21,1365
2023,12,21,744
2023,12,21,2048
2023,12,21,19
2023,12,21,531
2023,12,21,334
2023,12,21,30
2023,12,22,563
2023,12,22,662
2023,12,22,1153
2023,12,22,1376
2023,12,22,109
2023,12,22,91
2023,12,22,82
2023,12,22,1093
2023,12,22,731
2023,12,22,937
2023,12,22,19
2023,12,22,243
2023,12,22,1053
2023,12,22,34
2023,12,23,531
2023,12,23,118
2023,12,23,527
2023,12,23,109
2023,12,23,965
2023,12,23,1115
2023,12,23,1324
2023,12,23,998
2023,12,23,19
2023,12,23,644
2023,12,24,604
2023,12,24,100
2023,12,24,441
2023,12,24,1099
2023,12,24,589
2023,12,24,742
2023,12,24,19
2023,12,24,992
2023,12,24,538
2023,12,24,797
2023,12,24,376
2023,12,25,223
2023,12,25,115
2023,12,25,460
2023,12,25,348
2023,12,25,1117
2023,12,25,97
2023,12,25,607
2023,12,25,540
2023,12,25,398
2023,12,25,659
2023,12,25,160
2023,12,25,19
2023,12,25,841
2023,12,25,1360
2023,12,25,24
2023,12,26,507
2023,12,26,979
2023,12,26,917
2023,12,26,548
2023,12,26,928
2023,12,26,114
2023,12,26,532
2023,12,26,82
2023,12,26,273
2023,12,26,1078
2023,12,26,635
2023,12,27,599
2023,12,27,568
2023,12,27,1293
2023,12,27,1181
2023,12,27,385
2023,12,27,1081
2023,12,27,417
2023,12,27,1181
2023,12,27,74
2023,12,27,567
2023,12,27,1337
2023,12,27,23
2023,12,28,545
2023,12,28,826
2023,12,28,532
2023,12,28,755
2023,12,28,512
2023,12,28,98
2023,12,28,426
2023,12,28,82
2023,12,28,798
2023,12,28,238
2023,12,28,989
2023,12,28,21
2023,12,29,144
2023,12,29,1108
2023,12,29,1281
2023,12,29,1022
2023,12,29,652
2023,12,29,1210
2023,12,29,81
2023,12,29,726
2023,12,29,612
2023,12,30,519
2023,12,30,1274
2023,12,30,115
2023,12,30,101
2023,12,30,203
2023,12,30,759
2023,12,30,974
2023,12,30,19
2023,12,31,555
2023,12,31,1375
2023,12,31,1970
2023,12,31,64
2023,12,31,404
2023,12,31,832
2023,12,31,877
2023,12,31,333
2023,12,31,1346
2023,12,31,810
2023,12,31,336
2024,01,01,94
2024,01,01,584
2024,01,01,601
2024,01,01,975
2024,01,01,1018
2024,01,01,727
2024,01,01,1213
2024,01,01,81
2024,01,02,1360
2024,01,02,166
2024,01,02,774
2024,01,02,367
2024,01,02,635
2024,01,02,786
2024,01,02,146
2024,01,02,1041
2024,01,02,1452
2024,01,02,135
2024,01,03,350
2024,01,03,575
2024,01,03,888
2024,01,03,503
2024,01,03,156
2024,01,03,828
2024,01,03,529
2024,01,03,517
2024,01,03,230
2024,01,03,100
2024,01,03,561
2024,01,03,1951
2024,01,04,703
2024,01,04,152
2024,01,04,971
2024,01,04,142
2024,01,04,774
2024,01,04,21
2024,01,04,554
2024,01,04,957
2024,01,04,1154
2024,01,04,297
2024,01,04,334
2024,01,05,521
2024,01,05,423
2024,01,05,141
2024,01,05,842
2024,01,05,1187
2024,01,05,195
2024,01,05,77
2024,01,06,238
2024,01,06,188
2024,01,06,770
2024,01,06,112
2024,01,06,1039
2024,01,06,136
2024,01,06,654
2024,01,06,965
2024,01,06,21
2024,01,06,701
2024,01,06,17
2024,01,07,895
2024,01,07,116
2024,01,07,682
2024,01,07,694
2024,01,07,609
2024,01,07,1063
2024,01,07,713
2024,01,07,21
2024,01,07,17
2024,01,08,513
2024,01,08,111
2024,01,08,503
2024,01,08,961
2024,01,08,907
2024,01,08,655
2024,01,08,130
2024,01,09,1182
2024,01,09,458
2024,01,09,1293
2024,01,09,896
2024,01,09,117
2024,01,09,453
2024,01,09,1046
2024,01,09,79
2024,01,10,169
2024,01,10,833
2024,01,10,619
2024,01,10,1023
2024,01,10,504
2024,01,10,160
2024,01,10,519
2024,01,10,2451
2024,01,10,21
2024,01,10,704
2024,01,11,805
2024,01,11,136
2024,01,11,660
2024,01,11,460
2024,01,11,1215
2024,01,11,574
2024,01,11,877
2024,01,11,180
2024,01,11,133
2024,01,11,114
2024,01,11,657
2024,01,11,668
2024,01,11,21
2024,01,11,30
2024,01,11,550
2024,01,11,1484
2024,01,12,1476
2024,01,12,1075
2024,01,12,1839
2024,01,12,798
2024,01,12,142
2024,01,12,871
2024,01,12,1108
2024,01,12,878
2024,01,12,1050
2024,01,12,1485
2024,01,12,1135
2024,01,12,1288
2024,01,12,21
2024,01,12,1187
2024,01,12,29
2024,01,13,371
2024,01,13,826
2024,01,13,1367
2024,01,13,1042
2024,01,13,577
2024,01,13,21
2024,01,13,693
2024,01,13,1113
2024,01,13,2210
2024,01,14,738
2024,01,14,106
2024,01,14,547
2024,01,14,827
2024,01,14,711
2024,01,14,40
2024,01,14,94
2024,01,14,152
2024,01,14,21
2024,01,14,730
2024,01,14,3566
2024,01,15,1073
2024,01,15,350
2024,01,15,589
2024,01,15,630
2024,01,15,1131
2024,01,15,161
2024,01,15,1138
2024,01,15,950
2024,01,15,456
2024,01,15,1121
2024,01,15,421
2024,01,15,21
2024,01,15,1107
2024,01,15,2587
2024,01,16,95
2024,01,16,376
2024,01,16,528
2024,01,16,1048
2024,01,16,463
2024,01,16,514
2024,01,16,848
2024,01,16,1255
2024,01,16,1366
2024,01,16,556
2024,01,16,21
2024,01,17,1319
2024,01,17,590
2024,01,17,634
2024,01,17,1324
2024,01,17,1398
2024,01,17,1602
2024,01,17,683
2024,01,17,455
2024,01,17,21
2024,01,17,1371
2024,01,18,571
2024,01,18,409
2024,01,18,667
2024,01,18,948
2024,01,18,114
2024,01,18,276
2024,01,18,544
2024,01,18,21
2024,01,18,492
2024,01,19,259
2024,01,19,1565
2024,01,19,637
2024,01,19,618
2024,01,19,554
2024,01,19,142
2024,01,19,784
2024,01,19,532
2024,01,19,892
2024,01,19,426
2024,01,19,963
2024,01,19,21
2024,01,19,481
2024,01,20,148
2024,01,20,359
2024,01,20,178
2024,01,20,760
2024,01,20,751
2024,01,20,770
2024,01,20,1654
2024,01,20,687
2024,01,20,21
2024,01,21,867
2024,01,21,501
2024,01,21,366
2024,01,21,629
2024,01,21,449
2024,01,21,620
2024,01,21,865
2024,01,21,777
2024,01,21,693
2024,01,21,110
2024,01,21,21
2024,01,21,714
2024,01,22,509
2024,01,22,636
2024,01,22,1390
2024,01,22,292
2024,01,22,1180
2024,01,22,127
2024,01,22,600
2024,01,22,573
2024,01,22,351
2024,01,22,596
2024,01,22,1232
2024,01,22,21
2024,01,22,460
2024,01,23,441
2024,01,23,973
2024,01,23,1314
2024,01,23,774
2024,01,23,1110
2024,01,23,590
2024,01,23,784
2024,01,23,21
2024,01,23,33
2024,01,24,88
2024,01,24,488
2024,01,24,1128
2024,01,24,746
2024,01,24,246
2024,01,24,674
2024,01,24,1158
2024,01,24,591
2024,01,24,21
2024,01,24,1906
2024,01,25,488
2024,01,25,694
2024,01,25,1683
2024,01,25,128
2024,01,25,516
2024,01,25,1185
2024,01,25,119
2024,01,25,800
2024,01,25,21
2024,01,25,1999
2024,01,25,1150
2024,01,26,607
2024,01,26,805
2024,01,26,1432
2024,01,26,211
2024,01,26,506
2024,01,26,1543
2024,01,26,2315
2024,01,26,640
2024,01,26,744
2024,01,26,144
2024,01,26,1240
2024,01,26,686
2024,01,26,894
2024,01,26,41
2024,01,26,21
2024,01,27,1756
2024,01,27,141
2024,01,27,271
2024,01,27,1116
2024,01,27,445
2024,01,27,1062
2024,01,27,489
2024,01,27,2191
2024,01,27,21
2024,01,27,1432
2024,01,27,1410
2024,01,27,1586
2024,01,28,160
2024,01,28,409
2024,01,28,646
2024,01,28,2434
2024,01,28,164
2024,01,28,1279
2024,01,28,106
2024,01,28,21
2024,01,29,556
2024,01,29,656
2024,01,29,148
2024,01,29,162
2024,01,29,1262
2024,01,29,43
2024,01,29,1517
2024,01,29,810
2024,01,29,21
2024,01,29,1059
2024,01,29,32
2024,01,29,1023
2024,01,30,1224
2024,01,30,1145
2024,01,30,72
2024,01,30,21
2024,01,30,1019
2024,01,30,1423
2024,01,31,980
2024,01,31,1103
2024,01,31,1199
2024,01,31,991
2024,01,31,159
2024,01,31,490
2024,01,31,21
2024,01,31,1147
2024,02,01,807
2024,02,01,912
2024,02,01,100
2024,02,01,521
2024,02,01,1483
2024,02,01,1271
2024,02,01,666
2024,02,01,861
2024,02,01,21
2024,02,01,735
2024,02,01,525
2024,02,01,1251
2024,02,02,786
2024,02,02,141
2024,02,02,145
2024,02,02,635
2024,02,02,697
2024,02,02,1345
2024,02,02,942
2024,02,02,325
2024,02,02,907
2024,02,02,617
2024,02,02,820
2024,02,02,21
2024,02,02,680
2024,02,03,1621
2024,02,03,361
2024,02,03,1081
2024,02,03,1306
2024,02,03,1360
2024,02,03,21
2024,02,04,1226
2024,02,04,128
2024,02,04,1105
2024,02,04,96
2024,02,04,1141
2024,02,04,118
2024,02,04,21
2024,02,05,714
2024,02,05,1072
2024,02,05,869
2024,02,05,21
2024,02,05,1088
2024,02,06,982
2024,02,06,685
2024,02,06,727
2024,02,06,944
2024,02,06,1154
2024,02,06,413
2024,02,06,21
2024,02,06,541
2024,02,07,390
2024,02,07,1593
2024,02,07,874
2024,02,07,123
2024,02,07,904
2024,02,07,1192
2024,02,07,1045
2024,02,07,21
2024,02,07,706
2024,02,08,751
2024,02,08,752
2024,02,08,94
2024,02,08,161
2024,02,08,482
2024,02,08,866
2024,02,08,616
2024,02,08,58
2024,02,09,1308
2024,02,09,134
2024,02,09,1563
2024,02,09,125
2024,02,09,533
2024,02,09,285
2024,02,09,733
2024,02,09,1464
2024,02,10,533
2024,02,10,676
2024,02,10,553
2024,02,10,552
2024,02,10,223
2024,02,11,144
2024,02,11,584
2024,02,11,659
2024,02,11,1443
2024,02,11,1021
2024,02,11,119
2024,02,11,721
2024,02,11,104
2024,02,11,720
2024,02,11,34
2024,02,12,1246
2024,02,12,1050
2024,02,12,144
2024,02,12,676
2024,02,12,1675
2024,02,12,850
2024,02,12,118
2024,02,12,266
2024,02,12,21
2024,02,12,446
2024,02,12,1135
2024,02,12,545
2024,02,12,621
2024,02,12,34
2024,02,13,802
2024,02,13,160
2024,02,13,485
2024,02,13,605
2024,02,13,564
2024,02,13,669
2024,02,13,798
2024,02,13,301
2024,02,13,629
2024,02,13,106
2024,02,13,511
2024,02,13,734
2024,02,13,1068
2024,02,13,82
2024,02,13,927
2024,02,13,1204
2024,02,14,659
2024,02,14,605
2024,02,14,690
2024,02,14,130
2024,02,14,797
2024,02,14,756
2024,02,14,1334
2024,02,14,709
2024,02,14,1474
2024,02,14,429
2024,02,14,21
2024,02,14,1224
2024,02,14,607
2024,02,15,914
2024,02,15,135
2024,02,15,692
2024,02,15,815
2024,02,15,25
2024,02,15,1350
2024,02,15,1159
2024,02,15,538
2024,02,15,720
2024,02,15,171
2024,02,15,1145
2024,02,15,691
2024,02,15,922
2024,02,16,591
2024,02,16,168
2024,02,16,619
2024,02,16,201
2024,02,16,857
2024,02,16,177
2024,02,16,143
2024,02,16,803
2024,02,16,1076
2024,02,16,974
2024,02,16,68
2024,02,17,693
2024,02,17,944
2024,02,17,1124
2024,02,17,956
2024,02,17,547
2024,02,17,658
2024,02,17,1157
2024,02,18,172
2024,02,18,355
2024,02,18,328
2024,02,18,496
2024,02,18,383
2024,02,18,1140
2024,02,18,104
2024,02,18,113
2024,02,18,550
2024,02,18,587
2024,02,18,948
2024,02,18,1035
2024,02,18,705
2024,02,18,21
2024,02,19,323
2024,02,19,118
2024,02,19,440
2024,02,19,538
2024,02,19,1418
2024,02,19,602
2024,02,19,609
2024,02,19,643
2024,02,19,139
2024,02,19,835
2024,02,19,650
2024,02,19,974
2024,02,19,735
2024,02,19,367
2024,02,19,725
2024,02,19,942
2024,02,19,21
2024,02,19,485
2024,02,19,28
2024,02,19,1085
2024,02,19,619
2024,02,20,487
2024,02,20,618
2024,02,20,678
2024,02,20,1326
2024,02,20,845
2024,02,20,21
2024,02,20,17
2024,02,20,461
2024,02,21,455
2024,02,21,556
2024,02,21,695
2024,02,21,17
2024,02,21,81
2024,02,21,1231
2024,02,21,716
2024,02,21,985
2024,02,21,694
2024,02,21,126
2024,02,21,606
2024,02,21,787
2024,02,21,163
2024,02,21,1432
2024,02,21,944
2024,02,21,712
2024,02,22,175
2024,02,22,130
2024,02,22,572
2024,02,22,578
2024,02,22,1095
2024,02,22,138
2024,02,22,348
2024,02,22,602
2024,02,22,516
2024,02,22,703
2024,02,22,2057
2024,02,22,21
2024,02,22,710
2024,02,23,202
2024,02,23,1061
2024,02,23,668
2024,02,23,1037
2024,02,23,526
2024,02,23,725
2024,02,23,759
2024,02,23,283
2024,02,23,1147
2024,02,23,21
2024,02,24,915
2024,02,24,422
2024,02,24,1716
2024,02,24,615
2024,02,24,617
2024,02,24,21
2024,02,24,1146
2024,02,24,2030
2024,02,25,152
2024,02,25,1210
2024,02,25,108
2024,02,25,2495
2024,02,25,98
2024,02,25,763
2024,02,25,21
2024,02,25,776
2024,02,25,683
2024,02,26,895
2024,02,26,1717
2024,02,26,914
2024,02,26,303
2024,02,26,1174
2024,02,26,1047
2024,02,26,647
2024,02,26,837
2024,02,26,21
2024,02,26,731
2024,02,26,575
2024,02,26,677
2024,02,26,344
2024,02,27,610
2024,02,27,163
2024,02,27,695
2024,02,27,422
2024,02,27,1211
2024,02,27,484
2024,02,27,968
2024,02,27,985
2024,02,27,396
2024,02,27,920
2024,02,27,21
2024,02,27,411
2024,02,27,885
2024,02,27,32
2024,02,28,887
2024,02,28,1652
2024,02,28,716
2024,02,28,364
2024,02,28,1641
2024,02,28,144
2024,02,28,1320
2024,02,28,950
2024,02,28,440
2024,02,28,342
2024,02,28,21
2024,02,28,800
2024,02,28,736
2024,02,28,808
2024,02,28,33
2024,02,29,1016
2024,02,29,1083
2024,02,29,598
2024,02,29,775
2024,02,29,831
2024,02,29,1074
2024,02,29,1111
2024,02,29,54
2024,02,29,34
2024,03,01,508
2024,03,01,114
2024,03,01,149
2024,03,01,431
2024,03,01,2011
2024,03,01,1080
2024,03,01,146
2024,03,01,1003
2024,03,01,21
2024,03,01,601
2024,03,01,1465
2024,03,01,654
2024,03,01,1026
2024,03,01,34
2024,03,02,706
2024,03,02,170
2024,03,02,704
2024,03,02,712
2024,03,02,753
2024,03,02,1259
2024,03,02,1124
2024,03,02,572
2024,03,02,642
2024,03,02,1461
2024,03,02,21
2024,03,03,569
2024,03,03,172
2024,03,03,558
2024,03,03,1504
2024,03,03,112
2024,03,03,89
2024,03,03,515
2024,03,03,33
2024,03,04,562
2024,03,04,989
2024,03,04,741
2024,03,04,388
2024,03,04,890
2024,03,04,461
2024,03,04,32
2024,03,05,633
2024,03,05,1094
2024,03,05,416
2024,03,05,972
2024,03,05,1368
2024,03,05,1054
2024,03,05,1009
2024,03,05,442
2024,03,05,21
2024,03,05,1440
2024,03,05,622
2024,03,05,33
2024,03,06,1180
2024,03,06,1438
2024,03,06,475
2024,03,06,720
2024,03,06,1243
2024,03,06,475
2024,03,06,1234
2024,03,06,981
2024,03,06,725
2024,03,06,1385
2024,03,06,1218
2024,03,06,21
2024,03,06,32
2024,03,07,1802
2024,03,07,674
2024,03,07,153
2024,03,07,618
2024,03,07,1414
2024,03,07,891
2024,03,07,920
2024,03,07,696
2024,03,07,780
2024,03,07,915
2024,03,07,21
2024,03,07,871
2024,03,07,35
2024,03,08,848
2024,03,08,141
2024,03,08,716
2024,03,08,1666
2024,03,08,960
2024,03,08,1253
2024,03,08,643
2024,03,08,1065
2024,03,08,21
2024,03,08,831
2024,03,08,2721
2024,03,09,835
2024,03,09,301
2024,03,09,661
2024,03,09,1489
2024,03,09,2019
2024,03,09,656
2024,03,09,21
2024,03,10,533
2024,03,10,113
2024,03,10,609
2024,03,10,114
2024,03,10,970
2024,03,10,914
2024,03,10,22
2024,03,10,1078
2024,03,10,424
2024,03,10,2702
2024,03,11,1259
2024,03,11,1379
2024,03,11,858
2024,03,11,1384
2024,03,11,705
2024,03,11,125
2024,03,11,427
2024,03,11,587
2024,03,11,22
2024,03,11,1457
2024,03,11,1289
2024,03,12,773
2024,03,12,990
2024,03,12,110
2024,03,12,1224
2024,03,12,1598
2024,03,12,936
2024,03,12,1873
2024,03,12,684
2024,03,12,374
2024,03,12,22
2024,03,12,33
2024,03,13,882
2024,03,13,137
2024,03,13,826
2024,03,13,329
2024,03,13,1685
2024,03,13,1564
2024,03,13,908
2024,03,13,79
2024,03,13,1018
2024,03,13,1315
2024,03,13,1260
2024,03,13,2841
2024,03,14,544
2024,03,14,960
2024,03,14,901
2024,03,14,1092
2024,03,14,22
2024,03,14,21
2024,03,15,128
2024,03,15,118
2024,03,15,694
2024,03,15,941
2024,03,15,62
2024,03,15,535
2024,03,15,416
2024,03,15,762
2024,03,15,20
2024,03,16,537
2024,03,16,134
2024,03,16,1158
2024,03,16,611
2024,03,16,22
2024,03,16,30
2024,03,17,415
2024,03,17,753
2024,03,17,22
2024,03,17,1649
2024,03,17,111
2024,03,17,1095
2024,03,17,33
2024,03,18,776
2024,03,18,1338
2024,03,18,515
2024,03,18,936
2024,03,18,808
2024,03,18,1070
2024,03,18,829
2024,03,18,1458
2024,03,18,22
2024,03,18,797
2024,03,19,652
2024,03,19,136
2024,03,19,468
2024,03,19,936
2024,03,19,510
2024,03,19,1172
2024,03,19,68
2024,03,19,21
2024,03,20,772
2024,03,20,86
2024,03,20,439
2024,03,20,593
2024,03,20,131
2024,03,20,733
2024,03,20,914
2024,03,20,1606
2024,03,20,152
2024,03,20,70
2024,03,20,969
2024,03,20,31
2024,03,21,788
2024,03,21,762
2024,03,21,861
2024,03,21,171
2024,03,21,1074
2024,03,21,143
2024,03,21,867
2024,03,21,495
2024,03,21,783
2024,03,21,743
2024,03,21,22
2024,03,21,33
2024,03,22,533
2024,03,22,892
2024,03,22,899
2024,03,22,788
2024,03,22,771
2024,03,22,111
2024,03,22,22
2024,03,22,367
2024,03,22,1120
2024,03,22,588
2024,03,22,32
2024,03,23,543
2024,03,23,145
2024,03,23,815
2024,03,23,1655
2024,03,23,22
2024,03,23,33
2024,03,24,1222
2024,03,24,1076
2024,03,24,394
2024,03,24,112
2024,03,24,22
2024,03,25,1185
2024,03,25,149
2024,03,25,1699
2024,03,25,1060
2024,03,25,929
2024,03,25,96
2024,03,25,790
2024,03,25,22
2024,03,25,551
2024,03,25,33
2024,03,26,88
2024,03,26,549
2024,03,26,456
2024,03,26,1207
2024,03,26,622
2024,03,26,21
2024,03,26,1421
2024,03,26,298
2024,03,26,33
2024,03,27,1422
2024,03,27,384
2024,03,27,79
2024,03,27,1012
2024,03,27,702
2024,03,27,135
2024,03,27,1376
2024,03,27,153
2024,03,27,21
2024,03,27,484
2024,03,27,31
2024,03,28,1396
2024,03,28,649
2024,03,28,615
2024,03,28,120
2024,03,28,1268
2024,03,28,382
2024,03,28,895
2024,03,28,648
2024,03,28,21
2024,03,28,1381
2024,03,28,611
2024,03,28,34
2024,03,28,2579
2024,03,29,1505
2024,03,29,319
2024,03,29,679
2024,03,29,21
2024,03,29,757
2024,03,29,926
2024,03,29,718
2024,03,29,269
2024,03,29,31
2024,03,30,691
2024,03,30,685
2024,03,30,1187
2024,03,30,548
2024,03,30,1098
2024,03,30,932
2024,03,30,21
2024,03,30,377
2024,03,30,2738
2024,03,30,31
2024,03,31,514
2024,03,31,427
2024,03,31,598
2024,03,31,143
2024,03,31,117
2024,03,31,1054
2024,03,31,21
2024,03,31,467
2024,03,31,110
2024,03,31,108
2024,03,31,31
2024,04,01,510
2024,04,01,671
2024,04,01,1182
2024,04,01,537
2024,04,01,1673
2024,04,01,1058
2024,04,01,776
2024,04,01,199
2024,04,01,559
2024,04,01,56
2024,04,01,263
2024,04,01,34
2024,04,02,1156
2024,04,02,495
2024,04,02,163
2024,04,02,843
2024,04,02,557
2024,04,02,868
2024,04,02,1453
2024,04,02,761
2024,04,02,1037
2024,04,02,978
2024,04,02,1325
2024,04,02,333
2024,04,02,69
2024,04,02,712
2024,04,02,809
2024,04,02,771
2024,04,02,972
2024,04,02,220
2024,04,02,32
2024,04,03,713
2024,04,03,826
2024,04,03,130
2024,04,03,688
2024,04,03,1034
2024,04,03,79
2024,04,03,692
2024,04,03,34
2024,04,04,823
2024,04,04,475
2024,04,04,365
2024,04,04,112
2024,04,04,783
2024,04,04,980
2024,04,04,533
2024,04,04,998
2024,04,04,1054
2024,04,04,21
2024,04,04,692
2024,04,04,614
2024,04,04,456
2024,04,04,31
2024,04,05,513
2024,04,05,472
2024,04,05,239
2024,04,05,465
2024,04,05,147
2024,04,05,759
2024,04,05,1320
2024,04,05,504
2024,04,05,993
2024,04,05,888
2024,04,05,795
2024,04,05,851
2024,04,05,465
2024,04,05,42
2024,04,05,533
2024,04,05,407
2024,04,05,32
2024,04,06,542
2024,04,06,1305
2024,04,06,450
2024,04,06,616
2024,04,06,21
2024,04,06,32
2024,04,07,772
2024,04,07,829
2024,04,07,329
2024,04,07,503
2024,04,07,603
2024,04,07,111
2024,04,07,1205
2024,04,07,1106
2024,04,07,21
2024,04,07,916
2024,04,07,1025
2024,04,07,120
2024,04,07,32
2024,04,08,492
2024,04,08,21
2024,04,08,727
2024,04,08,19
2024,04,08,374
2024,04,08,1092
2024,04,08,1954
2024,04,08,32
2024,04,08,519
2024,04,08,932
2024,04,08,1027
2024,04,08,398
2024,04,08,574
2024,04,09,146
2024,04,09,646
2024,04,09,175
2024,04,09,507
2024,04,09,1228
2024,04,09,761
2024,04,09,117
2024,04,09,610
2024,04,09,1632
2024,04,09,726
2024,04,09,33
2024,04,10,146
2024,04,10,886
2024,04,10,138
2024,04,10,1264
2024,04,10,609
2024,04,10,513
2024,04,10,502
2024,04,10,33
2024,04,10,579
2024,04,10,32
2024,04,11,93
2024,04,11,115
2024,04,11,843
2024,04,11,1503
2024,04,11,118
2024,04,11,21
2024,04,11,1655
2024,04,11,25
2024,04,12,1319
2024,04,12,529
2024,04,12,548
2024,04,12,718
2024,04,12,853
2024,04,12,125
2024,04,12,673
2024,04,12,896
2024,04,12,185
2024,04,12,471
2024,04,12,26
2024,04,13,846
2024,04,13,112
2024,04,13,1415
2024,04,13,676
2024,04,13,767
2024,04,13,98
2024,04,13,511
2024,04,13,2510
2024,04,13,24
2024,04,14,1000
2024,04,14,1634
2024,04,14,99
2024,04,14,844
2024,04,14,217
2024,04,14,1064
2024,04,14,638
2024,04,14,498
2024,04,14,589
2024,04,14,24
2024,04,15,135
2024,04,15,854
2024,04,15,560
2024,04,15,434
2024,04,15,265
2024,04,15,313
2024,04,15,587
2024,04,15,21
2024,04,15,409
2024,04,15,33
2024,04,16,576
2024,04,16,292
2024,04,16,1525
2024,04,16,1463
2024,04,16,21
2024,04,16,596
2024,04,16,33
2024,04,17,1191
2024,04,17,1124
2024,04,17,490
2024,04,17,1130
2024,04,17,1251
2024,04,17,1455
2024,04,17,1479
2024,04,17,21
2024,04,17,31
2024,04,17,1451
2024,04,17,388
2024,04,17,791
2024,04,18,647
2024,04,18,150
2024,04,18,847
2024,04,18,149
2024,04,18,554
2024,04,18,835
2024,04,18,983
